yaw_cmd_rad_s,actual_yaw_mean_rad_s,actual_yaw_std_rad_s,actual_yaw_abs_p95_rad_s,yaw_error_mean_rad_s,yaw_error_abs_mean_rad_s,yaw_error_rms_rad_s,tracking_ratio,base_height_mean_m,roll_pitch_l2_mean,done_count,samples
0.0,0.32802799344062805,0.07875662297010422,0.4312976896762848,0.32802799344062805,0.32802799344062805,0.33734995126724243,1.0,0.3071012794971466,0.00040832115337252617,0,7680
0.5,0.33978071808815,0.06017622724175453,0.4258420169353485,-0.16021929681301117,0.16021929681301117,0.17114730179309845,0.6795614361763,0.30720382928848267,0.0003957292647100985,0,7680
1.0,0.3293342888355255,0.07699016481637955,0.42506909370422363,-0.6706658005714417,0.6706658005714417,0.6750704050064087,0.3293342888355255,0.30715981125831604,0.00038473730091936886,0,7680
1.5,0.3360923230648041,0.07054004818201065,0.42930281162261963,-1.1639076471328735,1.1639076471328735,1.1660432815551758,0.22406154870986938,0.307220995426178,0.0003762638953048736,0,7680
2.0,0.34239065647125244,0.07244433462619781,0.43544480204582214,-1.6576093435287476,1.6576093435287476,1.6591917276382446,0.17119532823562622,0.30733218789100647,0.0003793033247347921,0,7680
3.0,0.3511701822280884,0.0637948289513588,0.4372255504131317,-2.648829698562622,2.648829698562622,2.6495981216430664,0.11705672740936279,0.30748337507247925,0.00036626288783736527,0,7680
4.0,0.3427332043647766,0.07639545202255249,0.440418004989624,-3.657266855239868,3.657266855239868,3.658064842224121,0.08568330109119415,0.30755239725112915,0.00036367474240250885,0,7680
5.0,0.34606170654296875,0.08040458709001541,0.4549531042575836,-4.6539387702941895,4.6539387702941895,4.654633045196533,0.06921234130859374,0.3076954185962677,0.00036200624890625477,0,7680
6.0,0.3480677902698517,0.07038343697786331,0.44165417551994324,-5.651932239532471,5.651932239532471,5.652370452880859,0.058011298378308616,0.30783456563949585,0.0003609980922192335,0,7680
